<soapenv:Envelope xmlns:soapenv="http://schemas.xmlsoap.org/soap/envelope/" xmlns:v1="http://www.americamovil.com/schema/namespace/AccountManagement/v1">
   <soapenv:Header/>
   <soapenv:Body>
      <v1:retrieveAccountHistory>
         <LineOfBusiness>3</LineOfBusiness>
         <AccountId>3102007642</AccountId>
         <Period>
            <StartDate>2019-04-01T00:00:00</StartDate>
            <!--Optional:-->
            <EndDate>2019-04-26T00:00:00</EndDate>
         </Period>
      </v1:retrieveAccountHistory>
   </soapenv:Body>
</soapenv:Envelope>