<?xml version="1.0" encoding="UTF-8"?>
<soapenv:Envelope xmlns:soapenv="http://schemas.xmlsoap.org/soap/envelope/"><soapenv:Header xmlns:v1="http://www.americamovil.com/schema/namespace/AccountManagement/v1"/><soapenv:Body xmlns:v1="http://www.americamovil.com/schema/namespace/AccountManagement/v1"><ns2:retrieveCustomerDataResponse xmlns:ns2="http://www.americamovil.com/schema/namespace/AccountManagement/v1"><AcknowledgementIndicator>SUCCESS</AcknowledgementIndicator><AcknowledgementCode>ASSCM-ACCMAN-RETCUSDAT-SC-1</AcknowledgementCode><AcknowledgementDescription>Mensaje de Éxito de la Transaccion</AcknowledgementDescription><CustomerData><CustomerId>280131594</CustomerId><Name>JULIAN ANDRES</Name><LastName>LOZANO GONZALEZ</LastName><DocumentType>1</DocumentType><DocumentNumber>1018463748</DocumentNumber><HomePhoneNumberIndicative>1</HomePhoneNumberIndicative><HomePhoneNumber>1111111</HomePhoneNumber><OfficePhoneNumberIndicative>1</OfficePhoneNumberIndicative><MobileNumber>3102007642</MobileNumber><EmailAddress>jalozanog93@hotmail.com</EmailAddress><Address><Address>CL. 157C NRO.91-11</Address><District>BOGOTA</District><DepartmentId>CUNDINAMARCA</DepartmentId><Department>CUNDINAMARCA</Department><CityId>BOGOTA</CityId><City>BOGOTA</City></Address></CustomerData></ns2:retrieveCustomerDataResponse></soapenv:Body></soapenv:Envelope>