<?xml version="1.0" encoding="UTF-8"?>
<soapenv:Envelope xmlns:soapenv="http://schemas.xmlsoap.org/soap/envelope/"><soapenv:Header xmlns:v1="http://www.americamovil.com/schema/namespace/ServiceManagement/v1"/><soapenv:Body xmlns:v1="http://www.americamovil.com/schema/namespace/ServiceManagement/v1"><ns1:retrieveConsumptionDetailInformationResponse xmlns:ns1="http://www.americamovil.com/schema/namespace/ServiceManagement/v1"><AcknowledgementIndicator>WARNING</AcknowledgementIndicator><AcknowledgementCode>FFCM-SERMAN-RETCONDETINF-SC-1</AcknowledgementCode><AcknowledgementDescription>Se realizo la consulta pero hubo errores durante ella</AcknowledgementDescription><ServiceUsage><ServiceID/><ServiceType>ROAMING</ServiceType><ServiceUsagePeriod><StartDate>2019-05-01T00:00:00Z</StartDate><EndDate>2019-05-06T11:54:16.01-05:00</EndDate></ServiceUsagePeriod><ServiceFeatureUsage><ServiceFeatureType>Voz</ServiceFeatureType><ServiceFeatureSubType>Entrante por paquete</ServiceFeatureSubType><ServiceUsagePeriod><StartDate>2019-05-01T00:00:00Z</StartDate><EndDate>2019-05-06T11:54:16.01-05:00</EndDate></ServiceUsagePeriod><FeatureUsage><Unit>Minutos</Unit><Quantity>0</Quantity></FeatureUsage></ServiceFeatureUsage><ServiceFeatureUsage><ServiceFeatureType>Voz</ServiceFeatureType><ServiceFeatureSubType>Larga distancia Internacional por paquete</ServiceFeatureSubType><ServiceUsagePeriod><StartDate>2019-05-01T00:00:00Z</StartDate><EndDate>2019-05-06T11:54:16.01-05:00</EndDate></ServiceUsagePeriod><FeatureUsage><Unit>Minutos</Unit><Quantity>0</Quantity></FeatureUsage></ServiceFeatureUsage><ServiceFeatureUsage><ServiceFeatureType>Voz</ServiceFeatureType><ServiceFeatureSubType>Local por paquete</ServiceFeatureSubType><ServiceUsagePeriod><StartDate>2019-05-01T00:00:00Z</StartDate><EndDate>2019-05-06T11:54:16.01-05:00</EndDate></ServiceUsagePeriod><FeatureUsage><Unit>Minutos</Unit><Quantity>0</Quantity></FeatureUsage></ServiceFeatureUsage><ServiceFeatureUsage><ServiceFeatureType>Datos</ServiceFeatureType><ServiceFeatureSubType>Datos por paquete</ServiceFeatureSubType><ServiceUsagePeriod><StartDate>2019-05-01T00:00:00Z</StartDate><EndDate>2019-05-06T11:54:16.01-05:00</EndDate></ServiceUsagePeriod><FeatureUsage><Unit>Kilobytes</Unit><Quantity>0</Quantity></FeatureUsage></ServiceFeatureUsage><ServiceFeatureUsage><ServiceFeatureType>Voz</ServiceFeatureType><ServiceFeatureSubType>Entrante por demanda</ServiceFeatureSubType><ServiceUsagePeriod><StartDate>2019-05-01T00:00:00Z</StartDate><EndDate>2019-05-06T11:54:16.01-05:00</EndDate></ServiceUsagePeriod><FeatureUsage><Unit>Minutos</Unit><Quantity>0</Quantity></FeatureUsage></ServiceFeatureUsage><ServiceFeatureUsage><ServiceFeatureType>Voz</ServiceFeatureType><ServiceFeatureSubType/><ServiceUsagePeriod><StartDate>2019-05-01T00:00:00Z</StartDate><EndDate>2019-05-06T11:54:16.01-05:00</EndDate></ServiceUsagePeriod><FeatureUsage><Unit>Minutos</Unit><Quantity>0</Quantity></FeatureUsage></ServiceFeatureUsage><ServiceFeatureUsage><ServiceFeatureType>Voz</ServiceFeatureType><ServiceFeatureSubType>Local por demanda</ServiceFeatureSubType><ServiceUsagePeriod><StartDate>2019-05-01T00:00:00Z</StartDate><EndDate>2019-05-06T11:54:16.01-05:00</EndDate></ServiceUsagePeriod><FeatureUsage><Unit>Minutos</Unit><Quantity>0</Quantity></FeatureUsage></ServiceFeatureUsage><ServiceFeatureUsage><ServiceFeatureType>Datos</ServiceFeatureType><ServiceFeatureSubType>Datos por demanda</ServiceFeatureSubType><ServiceUsagePeriod><StartDate>2019-05-01T00:00:00Z</StartDate><EndDate>2019-05-06T11:54:16.01-05:00</EndDate></ServiceUsagePeriod><FeatureUsage><Unit>Kilobytes</Unit><Quantity>0</Quantity></FeatureUsage></ServiceFeatureUsage></ServiceUsage><ServiceUsage><ServiceID/><ServiceType>Postpago</ServiceType><ServiceUsagePeriod><StartDate>2019-05-01T00:00:00Z</StartDate><EndDate>2019-05-06T11:54:16.099-05:00</EndDate></ServiceUsagePeriod><ServiceFeatureUsage><ServiceFeatureType>V</ServiceFeatureType><ServiceFeatureSubType>CONSUMOCOMCEL</ServiceFeatureSubType><ServiceUsagePeriod><StartDate>2019-05-22T00:00:00.000-05:00</StartDate><EndDate>2019-06-21T00:00:00.000-05:00</EndDate></ServiceUsagePeriod><FeatureUsage><Unit>Seg</Unit><Quantity>     4975</Quantity></FeatureUsage></ServiceFeatureUsage><ServiceFeatureUsage><ServiceFeatureType>V</ServiceFeatureType><ServiceFeatureSubType>CONSUMOOTROS</ServiceFeatureSubType><ServiceUsagePeriod><StartDate>2019-05-22T00:00:00.000-05:00</StartDate><EndDate>2019-06-21T00:00:00.000-05:00</EndDate></ServiceUsagePeriod><FeatureUsage><Unit>Seg</Unit><Quantity>        0</Quantity></FeatureUsage></ServiceFeatureUsage><ServiceFeatureUsage><ServiceFeatureType>V</ServiceFeatureType><ServiceFeatureSubType>CONSUMOFIJO</ServiceFeatureSubType><ServiceUsagePeriod><StartDate>2019-05-22T00:00:00.000-05:00</StartDate><EndDate>2019-06-21T00:00:00.000-05:00</EndDate></ServiceUsagePeriod><FeatureUsage><Unit>Seg</Unit><Quantity>        7</Quantity></FeatureUsage></ServiceFeatureUsage><ServiceFeatureUsage><ServiceFeatureType>V</ServiceFeatureType><ServiceFeatureSubType>CONSUMOELEGIDOS</ServiceFeatureSubType><ServiceUsagePeriod><StartDate>2019-05-22T00:00:00.000-05:00</StartDate><EndDate>2019-06-21T00:00:00.000-05:00</EndDate></ServiceUsagePeriod><FeatureUsage><Unit>Seg</Unit><Quantity>        0</Quantity></FeatureUsage></ServiceFeatureUsage><ServiceFeatureUsage><ServiceFeatureType>V</ServiceFeatureType><ServiceFeatureSubType>CONSUMOELEGFIJO</ServiceFeatureSubType><ServiceUsagePeriod><StartDate>2019-05-22T00:00:00.000-05:00</StartDate><EndDate>2019-06-21T00:00:00.000-05:00</EndDate></ServiceUsagePeriod><FeatureUsage><Unit>Seg</Unit><Quantity>        0</Quantity></FeatureUsage></ServiceFeatureUsage><ServiceFeatureUsage><ServiceFeatureType>V</ServiceFeatureType><ServiceFeatureSubType>CONSUMOTOTAL</ServiceFeatureSubType><ServiceUsagePeriod><StartDate>2019-05-22T00:00:00.000-05:00</StartDate><EndDate>2019-06-21T00:00:00.000-05:00</EndDate></ServiceUsagePeriod><FeatureUsage><Unit>Seg</Unit><Quantity>     4982</Quantity></FeatureUsage></ServiceFeatureUsage><ServiceFeatureUsage><ServiceFeatureType>V</ServiceFeatureType><ServiceFeatureSubType>CONSUMOLDI</ServiceFeatureSubType><ServiceUsagePeriod><StartDate>2019-05-22T00:00:00.000-05:00</StartDate><EndDate>2019-06-21T00:00:00.000-05:00</EndDate></ServiceUsagePeriod><FeatureUsage><Unit>Seg</Unit><Quantity>        0</Quantity></FeatureUsage></ServiceFeatureUsage><ServiceFeatureUsage><ServiceFeatureType>V</ServiceFeatureType><ServiceFeatureSubType>CONSUMOAMIFIJO</ServiceFeatureSubType><ServiceUsagePeriod><StartDate>2019-05-22T00:00:00.000-05:00</StartDate><EndDate>2019-06-21T00:00:00.000-05:00</EndDate></ServiceUsagePeriod><FeatureUsage><Unit>Seg</Unit><Quantity>        0</Quantity></FeatureUsage></ServiceFeatureUsage><ServiceFeatureUsage><ServiceFeatureType>V</ServiceFeatureType><ServiceFeatureSubType>CONSUMOPASAMINUTOS</ServiceFeatureSubType><ServiceUsagePeriod><StartDate>2019-05-22T00:00:00.000-05:00</StartDate><EndDate>2019-06-21T00:00:00.000-05:00</EndDate></ServiceUsagePeriod><FeatureUsage><Unit>Seg</Unit><Quantity>        0</Quantity></FeatureUsage></ServiceFeatureUsage><ServiceFeatureUsage><ServiceFeatureType>V</ServiceFeatureType><ServiceFeatureSubType>CONSUMOPROMOCION</ServiceFeatureSubType><ServiceUsagePeriod><StartDate>2019-05-22T00:00:00.000-05:00</StartDate><EndDate>2019-06-21T00:00:00.000-05:00</EndDate></ServiceUsagePeriod><FeatureUsage><Unit>Seg</Unit><Quantity>0</Quantity></FeatureUsage></ServiceFeatureUsage><ServiceFeatureUsage><ServiceFeatureType>V</ServiceFeatureType><ServiceFeatureSubType>DISPPASAMINUTOS</ServiceFeatureSubType><ServiceUsagePeriod><StartDate>2019-05-22T00:00:00.000-05:00</StartDate><EndDate>2019-06-21T00:00:00.000-05:00</EndDate></ServiceUsagePeriod><FeatureUsage><Unit>Seg</Unit><Quantity>        0</Quantity></FeatureUsage></ServiceFeatureUsage><ServiceFeatureUsage><ServiceFeatureType>V</ServiceFeatureType><ServiceFeatureSubType>COMSUMOVIDEOLLAM</ServiceFeatureSubType><ServiceUsagePeriod><StartDate>2019-05-22T00:00:00.000-05:00</StartDate><EndDate>2019-06-21T00:00:00.000-05:00</EndDate></ServiceUsagePeriod><FeatureUsage><Unit>Seg</Unit><Quantity>        0</Quantity></FeatureUsage></ServiceFeatureUsage><ServiceFeatureUsage><ServiceFeatureType>S</ServiceFeatureType><ServiceFeatureSubType>CONSUMOSMS</ServiceFeatureSubType><ServiceUsagePeriod><StartDate>2019-05-22T00:00:00.000-05:00</StartDate><EndDate>2019-06-21T00:00:00.000-05:00</EndDate></ServiceUsagePeriod><FeatureUsage><Unit>sms</Unit><Quantity>1</Quantity></FeatureUsage></ServiceFeatureUsage><ServiceFeatureUsage><ServiceFeatureType>S</ServiceFeatureType><ServiceFeatureSubType>CONSUMOSMSMULT</ServiceFeatureSubType><ServiceUsagePeriod><StartDate>2019-05-22T00:00:00.000-05:00</StartDate><EndDate>2019-06-21T00:00:00.000-05:00</EndDate></ServiceUsagePeriod><FeatureUsage><Unit>sms</Unit><Quantity/></FeatureUsage></ServiceFeatureUsage><ServiceFeatureUsage><ServiceFeatureType>S</ServiceFeatureType><ServiceFeatureSubType>CONSUMOSSMSPROMO</ServiceFeatureSubType><ServiceUsagePeriod><StartDate>2019-05-22T00:00:00.000-05:00</StartDate><EndDate>2019-06-21T00:00:00.000-05:00</EndDate></ServiceUsagePeriod><FeatureUsage><Unit>sms</Unit><Quantity>        0</Quantity></FeatureUsage></ServiceFeatureUsage></ServiceUsage><ServiceUsage><ServiceID/><ServiceType>Paquetes</ServiceType><ServiceUsagePeriod><StartDate>2019-05-01T00:00:00Z</StartDate><EndDate>2019-05-06T11:54:18.193-05:00</EndDate></ServiceUsagePeriod></ServiceUsage></ns1:retrieveConsumptionDetailInformationResponse></soapenv:Body></soapenv:Envelope>