<?xml version="1.0" encoding="UTF-8"?>
<soapenv:Envelope xmlns:soapenv="http://schemas.xmlsoap.org/soap/envelope/"><soapenv:Header xmlns:v1="http://www.americamovil.com/schema/namespace/AccountManagement/v1"/><soapenv:Body xmlns:v1="http://www.americamovil.com/schema/namespace/AccountManagement/v1"><ns2:validateNumberResponse xmlns:ns2="http://www.americamovil.com/schema/namespace/AccountManagement/v1"><AcknowledgementIndicator>SUCCESS</AcknowledgementIndicator><AcknowledgementCode>ASSCM-ACCMAN-VALNUM-SC-1</AcknowledgementCode><AcknowledgementDescription>Mensaje de Éxito de la Transaccion</AcknowledgementDescription><IsValidFlag>true</IsValidFlag><LineOfBusiness>3</LineOfBusiness></ns2:validateNumberResponse></soapenv:Body></soapenv:Envelope>