<?xml version="1.0" encoding="UTF-8"?>
<soapenv:Envelope xmlns:soapenv="http://schemas.xmlsoap.org/soap/envelope/"><soapenv:Header xmlns:v1="http://www.americamovil.com/schema/namespace/AccountManagement/v1"/><soapenv:Body xmlns:v1="http://www.americamovil.com/schema/namespace/AccountManagement/v1"><ns2:retrieveAccountHistoryResponse xmlns:ns2="http://www.americamovil.com/schema/namespace/AccountManagement/v1"><AcknowledgementIndicator>SUCCESS</AcknowledgementIndicator><AcknowledgementCode>ASSCM-ACCMAN-RETACCHIS-SC-1</AcknowledgementCode><AcknowledgementDescription>Mensaje de Éxito de la Transaccion</AcknowledgementDescription></ns2:retrieveAccountHistoryResponse></soapenv:Body></soapenv:Envelope>