<?xml version="1.0" encoding="UTF-8"?>
<soapenv:Envelope xmlns:soapenv="http://schemas.xmlsoap.org/soap/envelope/"><soapenv:Header xmlns:v1="http://www.americamovil.com/schema/namespace/ServiceManagement/v1"/><soapenv:Body xmlns:v1="http://www.americamovil.com/schema/namespace/ServiceManagement/v1"><ns2:retrievePlanResponse xmlns:ns2="http://www.americamovil.com/schema/namespace/ServiceManagement/v1"><AcknowledgementIndicator>SUCCESS</AcknowledgementIndicator><AcknowledgementCode>FFCM-BUSANAMAN-RETPLANS-SC-1</AcknowledgementCode><AcknowledgementDescription>Mensaje de Éxito de la Transaccion</AcknowledgementDescription><Plan><PlanID>22206</PlanID><IsOpen>false</IsOpen><PlanName>Mi Claro 12GB Mx Sm Nv</PlanName><PlanDescription>Mi Claro 12GB Mx Sm Nv: Cargo Fijo Mensual: $63.900 Imp Incl. Incluye: Minutos ilimitados todo destino fijo o movil nacional; SMS a Todo Destino: 3.000; Navegacion: 12GB. Agotados los datos incluidos, tendra acceso gratis a funcionalidades seleccionadas de Facebook, Twitter y Chat de Whatsapp. SMS adicional a moviles Claro: $140 IVA Incl. No Incluye: Roaming Internacional, MMS, ni descarga de contenidos con costo. Mayor informacion www.claro.com.co. El prestador del servicio es el operador de telefonia movil Comcel S.A.</PlanDescription><PlanCode>4103</PlanCode><PlanAmount>63899.99</PlanAmount><PlanVoiceUnit>Seg</PlanVoiceUnit><PlanLines><FeatureID>D</FeatureID><FeatureName>Datos</FeatureName><UsageLimit><Unit>MB</Unit><Quantity>12288</Quantity></UsageLimit></PlanLines><PlanLines><FeatureID>S</FeatureID><FeatureName>SMS</FeatureName><UsageLimit><Unit>Unidades</Unit><Quantity>3000</Quantity></UsageLimit></PlanLines><PlanLines><FeatureID>V</FeatureID><FeatureName>Voz</FeatureName><UsageLimit><Unit>Seg</Unit><Quantity>-1</Quantity></UsageLimit></PlanLines><SocialNetworks><SocialNetworkType>Facebook</SocialNetworkType><Description/></SocialNetworks><SocialNetworks><SocialNetworkType> Twitter</SocialNetworkType><Description/></SocialNetworks><SocialNetworks><SocialNetworkType> Chat de Whatsapp</SocialNetworkType><Description/></SocialNetworks><SocialNetworks><SocialNetworkType> Claro Video</SocialNetworkType><Description/></SocialNetworks><SocialNetworks><SocialNetworkType> Claro Musica</SocialNetworkType><Description/></SocialNetworks><FrequentNumbersAllowed><Text>0</Text><Call>0</Call><Free>0</Free></FrequentNumbersAllowed><IsSharedDataPlan>false</IsSharedDataPlan><FamilyFriendsDataShare>2</FamilyFriendsDataShare><FamilyFriendsData><Msisdn>573195214453,573174846667,573173820061</Msisdn></FamilyFriendsData></Plan></ns2:retrievePlanResponse></soapenv:Body></soapenv:Envelope>